model,case,prompt_tokens,eval_tokens,total_s,eval_tps,pass,response
llama3.2:3b,math,35,32,0.834939125,47.34022818706008,false,"I'm not capable of performing mathematical operations or returning results in real-time. However, I can tell you that 37 + 58 = 95."
llama3.2:3b,json,48,123,2.886437875,45.611652955875485,false,"Here's an example of how you can achieve this in Python:```json{    "task": "ingest",    "priority": 3}```If you want to generate this JSON programmatically, here's a simple way to do it using Python:```pythonimport jsondata = {    "task": "ingest",    "priority": 3}minified_json = json.dumps(data, separators=(',', ':'))print(minified_json)```This will output the following JSON string:```{"task":"ingest","priority":3}```"
llama3.2:3b,ops_plan,54,92,2.232825625,46.15633709866999,false,"As a solo founder building AI automation services, my daily execution plan is as follows. I start by reviewing project progress and prioritizing tasks at the beginning of each day. Next, I dedicate 2 hours to coding and development, focusing on implementing new features or improving existing ones. The remaining 4 hours are allocated for marketing, sales, and customer support. I also schedule time for learning and staying updated with industry trends through online courses and webinars."
qwen2.5:3b,math,41,3,0.184512834,69.92056301528979,true,"95"
qwen2.5:3b,json,52,14,0.427542334,50.39764588564257,true,"{"task": "ingest", "priority": 3}"
qwen2.5:3b,ops_plan,59,112,2.610499625,47.210040263799414,true,"In the morning, review yesterday's tasks and update project status in the CRM system. Allocate time blocks for coding AI models, testing them rigorously to ensure accuracy and efficiency. Schedule client meetings during mid-morning hours to discuss new projects or ongoing issues. In the afternoon, focus on marketing strategies to attract more clients by creating engaging content like blog posts and videos. Conduct market research in the evening to stay updated with industry trends and competitor activities. Finally, allocate time for personal development such as learning new programming languages or AI tools that could enhance service offerings."
qwen2.5:7b,math,41,3,0.307564291,32.67485940116916,true,"95"
qwen2.5:7b,json,52,15,0.866820584,22.90149466818699,false,"```json{"task":"ingest","priority":3}```"
qwen2.5:7b,ops_plan,59,85,4.319990208,21.477947714276123,false,"Start with reviewing client needs and adjusting project timelines (30 mins). Next, allocate 2 hours to coding or model training based on priority. Spend 1 hour on customer support and communication. Dedicate 1 hour to market research and staying updated on AI trends. Finally, spend 30 minutes on financial management and business planning. End the day with a 15-minute reflection on progress and adjustments needed."
